,Model Name,R2,MAE,MSE,MAPE (%),Median Error (%)
2,Ridge Regression,0.9958118725254679,55.435448177605394,5437.469429524735,0.7307814892604342,0.6379784495586895
1,Linear Regression,0.9970369071397422,60.188092252492275,3847.000107439313,0.8763224109764903,0.9449353979608024
4,Lasso Regression,0.9970323712302723,60.23087286514389,3852.889104187217,0.8769514063093736,0.9458602535188319
3,XGBoost Regression,0.939779933819724,193.85079420833335,44177.48222883846,2.789345031442362,3.281032598690844
0,Random Forest Regression,0.8672248542049235,286.58031666499284,97403.93885044624,4.241785366948402,4.245726664099776
5,Support Vector Machine,-0.23297813232287545,754.8399981042077,904513.6112301532,10.200048990084168,10.914718533279984
6,Multi-layer Perceptron,-67.92684782211546,7059.346748483119,50564783.26735381,99.8778163797573,99.87847593236617
